_family,familykey,_order
Abrothallaceae,8401066,Abrothallales
Absidiaceae,3303269,
Acarosporaceae,8347,Acarosporales
Acaulosporaceae,3301,Diversisporales
Acrocalymmaceae,7440271,Pleosporales
Acrodictyaceae,11161876,Diaporthales
Acrospermaceae,4790,Acrospermales
Adelococcaceae,8338,Verrucariales
Agaricaceae,4170,Agaricales
Agaricostilbaceae,7607,Agaricostilbales
Agyriaceae,8346,Pertusariales
Ajellomycetaceae,4830,Onygenales
Albatrellaceae,7614,Russulales
Aliquandostipitaceae,4806,Jahnulales
Alphamycetaceae,3270907,Rhizophydiales
Amanitaceae,4171,Agaricales
Ambisporaceae,3303,Archaeosporales
Amicodiscaceae,10681681,Helotiales
Amniculicolaceae,5893931,Pleosporales
Amorphothecaceae,1946,Erysiphales
Amphisphaeriaceae,4164,Amphisphaeriales
Amplistromataceae,7584404,Amplistromatales
Amylocorticiaceae,4188,Amylocorticiales
Amylostereaceae,3284,Russulales
Ancylistaceae,4089,Entomophthorales
Andreiomycetaceae,9810057,Arthoniales
Annulatascaceae,2459,Annulatascales
Anteagloniaceae,7901593,Pleosporales
Antennulariellaceae,4792,Capnodiales
Anthracoideaceae,3824,Ustilaginales
Aphanopsidaceae,8342,Lecanorales
Aphelariaceae,8456,Cantharellales
Apiosporaceae,5733,Xylariales
Aplosporellaceae,8093750,Botryosphaeriales
Aporpiaceae,3563793,Auriculariales
Arachnomycetaceae,8320,Arachnomycetales
Arachnopezizaceae,8377363,Helotiales
Archaeosporaceae,3302,Archaeosporales
Arctomiaceae,4838,Arctomiales
Arthoniaceae,8363,Arthoniales
Arthopyreniaceae,8356,Pleosporales
Arthrodermataceae,4831,Onygenales
Arthrorhaphidaceae,6242,Umbilicariales
Ascobolaceae,8395,Pezizales
Ascocorticiaceae,4120,Medeolariales
Ascodesmidaceae,4128,Pezizales
Ascodichaenaceae,4098,Rhytismatales
Ascosphaeraceae,4824,Ascosphaerales
Aspergillaceae,3563703,Eurotiales
Aspidotheliaceae,2481,
Asterinaceae,4793,Asterinales
Asterosporiaceae,10320201,Diaporthales
Asterotexaceae,7795575,Asterotexales
Atheliaceae,9665,Atheliales
Aulographaceae,4807,Asterinales
Auriculariaceae,8788,Auriculariales
Auriscalpiaceae,3283,Russulales
Australiascaceae,8149040,Chaetosphaeriales
Backusellaceae,8246476,Mucorales
Baeomycetaceae,8345,Baeomycetales
Bankeraceae,7608,Thelephorales
Barbatosphaeriaceae,10485452,
Bartaliniaceae,9802508,Amphisphaeriales
Bartheletiaceae,3290875,Bartheletiales
Basidiobolaceae,8270,Basidiobolales
Beltraniaceae,3561106,Sordariales
Bertiaceae,8410,Coronophorales
Biatorellaceae,8341,Lecanorales
Biatriosporaceae,7482190,Pleosporales
Bionectriaceae,8416,Hypocreales
Blastocladiaceae,3819,Blastocladiales
Bolbitiaceae,8440,Agaricales
Boletaceae,8789,Boletales
Boletinellaceae,8790,Boletales
Boliniaceae,8408,Boliniales
Bondarzewiaceae,7613,Russulales
Botryobasidiaceae,4197,Cantharellales
Botryosphaeriaceae,4791,Botryosphaeriales
Brachybasidiaceae,3266,Exobasidiales
Brigantiaeaceae,4834,Lecanorales
Brigantieaceae,10796834,Teloschistales
Broomeiaceae,8441,Agaricales
Bryoglossaceae,10854765,Helotiales
Bulgariaceae,8387,Leotiales
Bulleraceae,9709111,Tremellales
Bulleribasidiaceae,9675359,Tremellales
Cainiaceae,8436,Xylariales
Calcarisporiaceae,9794489,Hypocreales
Calcarisporiellaceae,10837806,Calcarisporiellales
Caliciaceae,4115,Caliciales
Callistosporiaceae,10777657,Agaricales
Calloriaceae,3558242,Rhytismatales
Caloscyphaceae,4129,Pezizales
Calosphaeriaceae,4142,Calosphaeriales
Calostomataceae,4189,Boletales
Camarosporidiellaceae,9800027,Pleosporales
Candelariaceae,8343,Candelariales
Candelariella,8171046,Lecanorales
Cantharellaceae,8457,Cantharellales
Capnodiaceae,4794,Capnodiales
Carbomycetaceae,8396,Pezizales
Carbonicolaceae,7430970,Lecanorales
Carcinomycetaceae,7580,Tremellales
Caryosporaceae,7371275,Pleosporales
Catathelasmataceae,3309349,Agaricales
Catenariaceae,3818,Blastocladiales
Catillariaceae,4833,Lecanorales
Celotheliaceae,8353,Phaeomoniellales
Cenangiaceae,3553794,Helotiales
Cephalothecaceae,8426,Cephalothecales
Ceratobasidiaceae,8458,Cantharellales
Ceratocystidaceae,4156,Microascales
Ceratomycetaceae,8339,Laboulbeniales
Ceratosphaeriaceae,10854389,Magnaporthales
Ceratostomataceae,4155,Melanosporales
Chaconiaceae,3255,Pucciniales
Chaetomellaceae,7469559,Chaetomellales
Chaetomiaceae,8433,Sordariales
Chaetosphaerellaceae,8411,Coronophorales
Chaetosphaeriaceae,8409,Chaetosphaeriales
Chaetothyriaceae,8321,Chaetothyriales
Chionosphaeraceae,3275,Agaricostilbales
Chlorociboriaceae,8157518,Helotiales
Chlorospleniaceae,10784870,Helotiales
Choanephoraceae,8274,Mucorales
Chorioactidaceae,4130,Pezizales
Chromocyphellaceae,7837540,Agaricales
Chrysodiscaceae,10871564,Helotiales
Chrysothricaceae,8362,Arthoniales
Chrysotrichaceae,4281419,Arthoniales
Chrysozymaceae,9735575,
Chytridiaceae,7571,Chytridiales
Chytriomycetaceae,7372946,Chytridiales
Cintractiaceae,3297187,Ustilaginales
Cladochytriaceae,7570,Cladochytriales
Cladoniaceae,8328,Lecanorales
Cladosporiaceae,3563987,Capnodiales
Claroideoglomeraceae,8079329,Glomerales
Classiculaceae,3270,Classiculales
Clathraceae,3563970,Phallales
Claustulaceae,3293,Phallales
Clavariaceae,8442,Agaricales
Clavariadelphaceae,8466,Gomphales
Clavicipitaceae,8417,Hypocreales
Clavulinaceae,8459,Cantharellales
Clypeosphaeriaceae,4165,Amphisphaeriales
Coccocarpiaceae,8389,Peltigerales
Coccodiniaceae,8322,Chaetothyriales
Coccotremataceae,4117,Pertusariales
Cochlearomycetaceae,10724638,Leotiales
Cochlonemataceae,4097,Zoopagales
Coenogoniaceae,5857,Ostropales
Coleosporiaceae,7589,Pucciniales
Collemataceae,8377,Peltigerales
Coniochaetaceae,4144,Coniochaetales
Coniocybaceae,6243,Coniocybales
Coniophoraceae,8449,Boletales
Conioscyphaceae,9812852,Conioscyphales
Coniothyriaceae,3552781,Pleosporales
Cookellaceae,4809,Myriangiales
Cordanaceae,3289929,Cordanales
Cordieritidaceae,3563286,Cyttariales
Cordycipitaceae,8418,Hypocreales
Coronophoraceae,3563220,Coronophorales
Corticiaceae,8461,Corticiales
Cortinariaceae,4172,Agaricales
Coryneliaceae,8323,Coryneliales
Corynesporascaceae,4814,Pleosporales
Crassisporiaceae,10681891,Agaricales
Crepidotaceae,3286711,Agaricales
Cronartiaceae,3254,Pucciniales
Cryphonectriaceae,8412,Diaporthales
Cryptobasidiaceae,3265,Exobasidiales
Cryptococcaceae,3558064,Tremellales
Cryptocoryneaceae,9983403,Pleosporales
Cucurbitariaceae,4815,Pleosporales
Cudoniaceae,4125,Rhytismatales
Cunninghamellaceae,8275,Mucorales
Cyclothyriellaceae,9809953,Pleosporales
Cylindrosympodiaceae,11204451,Venturiales
Cyphellaceae,4173,Agaricales
Cyphellophoraceae,7726465,Chaetothyriales
Cyphobasidiaceae,9685592,Cyphobasidiales
Cystobasidiaceae,3269,Cystobasidiales
Cystocoleaceae,3553579,Capnodiales
Cystofilobasidiaceae,7582,Cystofilobasidiales
Cystostereaceae,3291,Agaricales
Cyttariaceae,8378,Cyttariales
Dacampiaceae,8355,Pleosporales
Dacrymycetaceae,7605,Dacrymycetales
Dacryobolaceae,3289563,Polyporales
Dactylosporaceae,8349,Lecanorales
Davidiellaceae,8297,Capnodiales
Debaryomycetaceae,5893341,Saccharomycetales
Delitschiaceae,4816,Pleosporales
Delonicicolaceae,9805041,Delonicicolales
Dematiaceae,3269631,Helotiales
Dermateaceae,4121,Helotiales
Dermatosoraceae,3297181,Ustilaginales
Diademaceae,8306,Pleosporales
Diaporthaceae,4146,Diaporthales
Diatrypaceae,8437,Xylariales
Dictyosporiaceae,8720376,Pleosporales
Didymellaceae,3281822,Pleosporales
Didymosphaeriaceae,4817,Pleosporales
Dimargaritaceae,8271,Dimargaritales
Diplocystidiaceae,4190,Boletales
Dipodascaceae,4137,Saccharomycetales
Discinaceae,7005,Pezizales
Discinellaceae,10719861,Helotiales
Discomycetes,3563092,
Discosiaceae,9714866,Amphisphaeriales
Distoseptisporaceae,9814909,Distoseptisporales
Diversisporaceae,7623,Diversisporales
Doassansiaceae,3268,Doassansiales
Doassansiopsidaceae,7579,Urocystidales
Dothideaceae,4802,Dothideales
Dothidotthiaceae,3020,Pleosporales
Dothioraceae,4803,Dothideales
Drepanopezizaceae,3274331,Helotiales
Eballistraceae,7600,Georgefischeriales
Echinodontiaceae,3282,Russulales
Ectolechiaceae,8350,Lecanorales
Elaphomycetaceae,4826,Eurotiales
Elixiaceae,4109,Umbilicariales
Elsinoaceae,8300,Myriangiales
Endochytriaceae,7569,Chytridiales
Endogonaceae,4088,Endogonales
Endomycetaceae,8401,Saccharomycetales
Englerulaceae,2478,
Entolomataceae,4174,Agaricales
Entomophthoraceae,4090,Entomophthorales
Entorrhizaceae,7604,Entorrhizales
Entylomataceae,3267,Entylomatales
Eocronartiaceae,3257,Platygloeales
Epibryaceae,9758167,Chaetothyriales
Epigloeaceae,5734,
Eremomycetaceae,5745,
Erysiphaceae,8379,Erysiphales
Euantennariaceae,4795,Capnodiales
Euceratomycetaceae,4835,Laboulbeniales
Excipulaceae,3309233,
Exidiaceae,3286025,Tremellales
Exobasidiaceae,3264,Exobasidiales
Extremaceae,7766320,Capnodiales
Farysiaceae,3297171,Ustilaginales
Fenestellaceae,4818,Pleosporales
Filobasidiaceae,7581,Filobasidiales
Fissurinaceae,10788010,Graphidales
Fistulinaceae,8443,Agaricales
Flammocladiaceae,9682506,Hypocreales
Floromycetaceae,3290129,Urocystidales
Fomitopsidaceae,7619,Polyporales
Fuscideaceae,8367,Umbilicariales
Gallaceaceae,7620,Hysterangiales
Ganodermataceae,3290,Polyporales
Gasteromycetes,3560735,
Gastrosporiaceae,4191,Boletales
Geastraceae,4199,Geastrales
Gelatinodiscaceae,3554335,Helotiales
Gelatoporiaceae,9943145,Polyporales
Geoglossaceae,8380,Geoglossales
Georgefischeriaceae,3263,Georgefischeriales
Gigasporaceae,7622,Diversisporales
Gjaerumiaceae,3262,Georgefischeriales
Glaziellaceae,9664,Pezizales
Globomycetaceae,3815,Rhizophydiales
Gloeodontiaceae,7690305,Russulales
Gloeoheppiaceae,4106,Lichinales
Gloeophyllaceae,8462,Gloeophyllales
Glomeraceae,3300,Glomerales
Glomerellaceae,2461,Glomerellales
Glomosporiaceae,7578,Urocystidales
Gloniaceae,3281105,Mytilinidiales
Gnomoniaceae,4147,Diaporthales
Godroniaceae,8383354,Helotiales
Gomphaceae,8467,Gomphales
Gomphidiaceae,4192,Boletales
Gomphillaceae,2161,Ostropales
Gonapodyaceae,3241,Monoblepharidales
Graphidaceae,2176,Ostropales
Graphiolaceae,7601,Exobasidiales
Graphostromataceae,8438,Xylariales
Grifolaceae,3295454,Polyporales
Gyalectaceae,2149,Ostropales
Gymnoascaceae,7004,Onygenales
Gypsoplacaceae,8327,Lecanorales
Gyroporaceae,4193,Boletales
Haematommataceae,8325,Lecanorales
Halosphaeriaceae,8424,Microascales
Halotthiaceae,7961492,Pleosporales
Hamatocanthoscyphaceae,10727424,Helotiales
Harknessiaceae,7497929,Diaporthales
Harpellaceae,4201,Harpellales
Harpochytriaceae,7564,Monoblepharidales
Helicobasidiaceae,3258,Helicobasidiales
Helicocephalidaceae,8280,Zoopagales
Helicogoniaceae,7799440,Phacidiales
Helminthosphaeriaceae,8434,Sordariales
Helocarpaceae,3403231,Lecanorales
Helotiaceae,8381,Helotiales
Helvellaceae,7006,Pezizales
Hemiphacidiaceae,4122,Helotiales
Heppiaceae,4105,Lichinales
Hericiaceae,7612,Russulales
Hermatomycetaceae,3272044,Pleosporales
Herpotrichiellaceae,4825,Chaetothyriales
Heterodeaceae,3559932,Lecanorales
Heterogastridiaceae,7595,Heterogastridiales
Heterosphaeriaceae,3308860,Helotiales
Holtermanniaceae,8130561,Holtermanniales
Hyaloriaceae,3246,Tremellales
Hyaloscyphaceae,8382,Helotiales
Hydnaceae,8460,Cantharellales
Hydnangiaceae,8445,Agaricales
Hydnodontaceae,3276,Trechisporales
Hydrocinaceae,10792130,Helotiales
Hygrophoraceae,4176,Agaricales
Hygrophoropsidaceae,4194,Boletales
Hymeneliaceae,4829,Hymeneliales
Hymenochaetaceae,8468,Hymenochaetales
Hymenogasteraceae,3309303,Boletales
Hymenogastraceae,3309302,Agaricales
Hyphodermataceae,3564643,Polyporales
Hyphodiscaceae,10856974,
Hypocreaceae,8419,Hypocreales
Hyponectriaceae,4166,Xylariales
Hypoxylaceae,3302958,Xylariales
Hysterangiaceae,3297,Hysterangiales
Hysteriaceae,4805,Hysteriales
Icmadophilaceae,8372,Pertusariales
Incrustoporiaceae,3292643,Polyporales
Inocybaceae,4177,Agaricales
Iodosphaeriaceae,3022,Xylariales
Irpicaceae,3292639,Polyporales
Jaapiaceae,7998401,Jaapiales
Jobellisiaceae,7972571,Jobellisiales
Juglanconidaceae,9739638,Diaporthales
Junewangiaceae,11172794,
Kickxellaceae,4092,Kickxellales
Kirschsteiniotheliaceae,7451741,Pleosporales
Koerberiaceae,9803070,Peltigerales
Koralionastetaceae,5743,Koralionastetales
Kriegeriaceae,8249711,Kriegeriales
Laboulbeniaceae,4837,Laboulbeniales
Lachnaceae,3295205,Helotiales
Lachnocladiaceae,7611,Russulales
Lahmiaceae,4126,Lahmiales
Lamproconiaceae,9775949,Diaporthales
Lasiosphaeriaceae,4162,Sordariales
Lauriomycetaceae,10681098,Lauriomycetales
Lecanographaceae,8461328,Arthoniales
Lecanoraceae,4828,Lecanorales
Lecideaceae,8296,Lecideales
Legeriomycetaceae,8463,Harpellales
Lentariaceae,4203,Gomphales
Lentitheciaceae,7737804,Pleosporales
Leotiaceae,4124,Leotiales
Lepidostromataceae,8295976,Lepidostromatales
Leprocaulaceae,9439202,Teloschistales
Leptodontidiaceae,10370000,Helotiales
Leptopeltidaceae,8299,Microthyriales
Leptosilliaceae,10757284,Xylariales
Leptosphaeriaceae,8307,Pleosporales
Letrouitiaceae,8370,Teloschistales
Leucosporidiaceae,3260,Leucosporidiales
Lichenoconiaceae,7839992,Lichenoconiales
Lichenotheliaceae,2462,Lichenotheliales
Lichinaceae,4104,Lichinales
Lichinodiaceae,10772212,Lichinodiales
Lichtheimiaceae,3563119,Mucorales
Linocarpaceae,10873588,Chaetosphaeriales
Lobariaceae,8375,Peltigerales
Lobulomycetaceae,3384455,Lobulomycetales
Lopadiaceae,3560892,Lecideales
Lopadostomataceae,9648552,Xylariales
Lophiostomataceae,4819,Pleosporales
Lophiotremataceae,8180713,Pleosporales
Loramycetaceae,4123,Helotiales
Loxosporaceae,3302292,Lecanorales
Lulworthiaceae,4153,Lulworthiales
Lycoperdaceae,3297360,Agaricales
Lyophyllaceae,4178,Agaricales
Lyrommataceae,6755371,Chaetothyriales
Macrocystidiaceae,3297090,Agaricales
Macrodiplodiopsidaceae,8104341,Pleosporales
Magnaporthaceae,5731,Magnaporthales
Malasseziaceae,7984866,Malasseziales
Malmideaceae,6755203,Lecanorales
Marasmiaceae,4179,Agaricales
Marthamycetaceae,7927516,Chaetomellales
Massalongiaceae,8366,Peltigerales
Massariaceae,8326,Pleosporales
Massarinaceae,8308,Pleosporales
Mastodiaceae,5742,
Medeolariaceae,8393,Medeolariales
Medeolariales,7499686,Helotiales
Megalosporaceae,4112,Teloschistales
Megasporaceae,4116,Pertusariales
Melampsoraceae,3253,Pucciniales
Melanconiaceae,3292693,Diaporthales
Melanconidaceae,8413,Diaporthales
Melanommataceae,8309,Pleosporales
Melanopsaceae,7668098,Botryosphaeriales
Melanopsichiaceae,3297152,Ustilaginales
Melanotaeniaceae,3822,Ustilaginales
Melaspileaceae,8360,Eremithallales
Meliolaceae,8298,Meliolales
Meliolinaceae,5741,
Melogrammataceae,4148,Xylariales
Meripilaceae,3288,Polyporales
Meruliaceae,3287,Polyporales
Mesophelliaceae,3296,Hysterangiales
Metacapnodiaceae,4796,Capnodiales
Metschnikowiaceae,4139,Saccharomycetales
Microascaceae,8425,Microascales
Microbotryaceae,7594,Microbotryales
Microcaliciaceae,4111,Pertusariales
Microdochiaceae,9655124,Xylariales
Micropeltidaceae,2476,Microthyriales
Microstromataceae,7598,Microstromatales
Microtheliopsidaceae,2475,Chaetothyriales
Microthyriaceae,4808,Microthyriales
Mikronegeriaceae,3252,Pucciniales
Miltideaceae,8314,Pertusariales
Mitrulaceae,3295874,Helotiales
Mollisiaceae,3297719,Helotiales
Monascaceae,6240,Eurotiales
Monoblastiaceae,4843,Monoblastiales
Monoblepharidaceae,7563,Monoblepharidales
Montagnulaceae,4820,Pleosporales
Morchellaceae,8398,Pezizales
Mortierellaceae,4093,Mortierellales
Mrakiaceae,9479658,Cystofilobasidiales
Mucoraceae,4094,Mucorales
Muyocopronaceae,3295884,Muyocopronales
Mycenaceae,4180,Agaricales
Mycoblastaceae,8310,Lecanorales
Mycocaliciaceae,4844,Mycocaliciales
Mycoporaceae,2463,Pleosporales
Mycosphaerellaceae,4797,Capnodiales
Mycosyringaceae,7577,Urocystidales
Mycotyphaceae,8276,Mucorales
Myriangiaceae,8301,Myriangiales
Myrmecridiaceae,9736643,Myrmecridiales
Mytilinidiaceae,4821,Mytilinidiales
Myxotrichaceae,2474,Helotiales
Naemateliaceae,9697208,Tremellales
Naetrocymbaceae,4102,Pleosporales
Naohideaceae,8159132,Naohideales
Nectriaceae,4152,Hypocreales
Neolectaceae,8392,Neolectales
Neozygitaceae,4091,Entomophthorales
Nephromataceae,8374,Peltigerales
Niaceae,8446,Agaricales
Nidulariaceae,3297323,Agaricales
Niessliaceae,8420,Hypocreales
Nitschkeaceae,8065004,Sordariales
Nitschkiaceae,4145,Coronophorales
Nowakowskiellaceae,3279475,Chytridiales
Obryzaceae,2460,
Ochrolechiaceae,4114,Pertusariales
Odontotremataceae,2147,Ostropales
Oliveoniaceae,3272381,Auriculariales
Olpidiaceae,1958,Olpidiales
Omphalotaceae,3305518,Agaricales
Onygenaceae,4832,Onygenales
Opegraphaceae,3305494,Arthoniales
Ophioceraceae,7610535,Magnaporthales
Ophiocordycipitaceae,8421,Hypocreales
Ophioparmaceae,8365,Umbilicariales
Ophiostomataceae,4157,Ophiostomatales
Orbiliaceae,4127,Orbiliales
Oxydothidaceae,9662938,Xylariales
Pachnocybaceae,7591,Pachnocybales
Pacisporaceae,7621,Diversisporales
Pannariaceae,4119,Peltigerales
Paraglomeraceae,3299,Paraglomerales
Parasympodiellaceae,10768392,Parasympodiellales
Parmeliaceae,8305,Lecanorales
Parmulariaceae,2473,Asterinales
Parodiellaceae,8311,Pleosporales
Parodiopsidaceae,2472,Dothideales
Patellariaceae,8304,Patellariales
Paxillaceae,4195,Boletales
Peltigeraceae,8373,Peltigerales
Peltulaceae,4103,Lichinales
Peniophoraceae,7610,Russulales
Pericladiaceae,8192303,Ustilaginales
Periconiaceae,3305389,Pleosporales
Perisporiopsidaceae,3288007,
Pertusariaceae,4113,Pertusariales
Pestalotiopsidaceae,9649543,Amphisphaeriales
Pezizaceae,8399,Pezizales
Pezizellaceae,3298457,Rhytismatales
Phacidiaceae,8383,Phacidiales
Phaeochoraceae,8269,Phyllachorales
Phaeococcomycetaceae,3293494,Lichenostigmatales
Phaeomoniellaceae,7522123,Phaeomoniellales
Phaeosphaeriaceae,8312,Pleosporales
Phaeotrichaceae,8313,Phaeotrichales
Phaffomycetaceae,8403,Saccharomycetales
Phakopsoraceae,7588,Pucciniales
Phallaceae,3292,Phallales
Phallogastraceae,3295,Hysterangiales
Phanerochaetaceae,7617,Polyporales
Phelloriniaceae,4181,Agaricales
Phleogenaceae,3271,Atractiellales
Phlyctidaceae,5838,Ostropales
Phomatosporaceae,3298745,Phomatosporales
Phragmidiaceae,7587,Pucciniales
Phragmoxenidiaceae,3245,Tremellales
Phycomycetaceae,8277,Mucorales
Phyllachoraceae,3304,Phyllachorales
Phyllobatheliaceae,2470,
Phyllostictaceae,3295958,Botryosphaeriales
Physalacriaceae,4182,Agaricales
Physciaceae,8369,Caliciales
Physodermataceae,3816,Physodermatales
Pichiaceae,8404,Saccharomycetales
Piedraiaceae,4798,Capnodiales
Pileolariaceae,7586,Pucciniales
Pilobolaceae,4095,Mucorales
Pilocarpaceae,9716,Lecanorales
Piptocephalidaceae,3235,Zoopagales
Piskurozymaceae,9806922,Filobasidiales
Placynthiaceae,4118,Peltigerales
Planistromellaceae,4804,Botryosphaeriales
Platygloeaceae,3256,Platygloeales
Plectosphaerellaceae,5729,Glomerellales
Pleomassariaceae,4101,Pleosporales
Pleomonodictydaceae,9703763,Pleosporales
Pleosporaceae,8315,Pleosporales
Pleurostomataceae,4143,Calosphaeriales
Pleurotaceae,4183,Agaricales
Pleurotheciaceae,7488648,Pleurotheciales
Ploettnerulaceae,3298038,Helotiales
Pluteaceae,8447,Agaricales
Pododimeriaceae,11151023,
Podonectriaceae,11126738,Pleosporales
Podoscyphaceae,3310736,Polyporales
Polycoccaceae,9709894,Trypetheliales
Polyporaceae,3286,Polyporales
Polystomellaceae,2469,
Porinaceae,8391,Ostropales
Porotheleaceae,3281477,Agaricales
Porpidiaceae,8358,Lecideales
Protomycetaceae,8439,Taphrinales
Protothelenellaceae,6244,Ostropales
Psathyrellaceae,4184,Agaricales
Pseudoclitocybaceae,10740143,Agaricales
Pseudomassariaceae,9650156,Xylariales
Pseudoperisporiaceae,2466,
Pseudoplagiostomataceae,7496367,Diaporthales
Pseudopyrenochaetaceae,10806329,Pleosporales
Pseudovalsaceae,8414,Diaporthales
Psilolechiaceae,9736942,Lecanorales
Psoraceae,4813,Lecanorales
Pterulaceae,8448,Agaricales
Pucciniaceae,3251,Pucciniales
Pucciniastraceae,7585,Pucciniales
Pucciniosiraceae,3250,Pucciniales
Pycnoraceae,9371477,Candelariales
Pyrenidiaceae,3291218,Pleosporales
Pyrenomycetes,3304911,
Pyrenothricaceae,5738,
Pyrenotrichaceae,4281228,Chaetothyriales
Pyrenulaceae,8352,Pyrenulales
Pyriculariaceae,8078879,Magnaporthales
Pyronemataceae,4131,Pezizales
Pyxidiophoraceae,8340,Pyxidiophorales
Quambalariaceae,3261,Microstromatales
Racodiaceae,3561903,Capnodiales
Ramalinaceae,4812,Lecanorales
Ramboldiaceae,9674650,Lecanorales
Raveneliaceae,3249,Pucciniales
Repetobasidiaceae,3295163,Hymenochaetales
Requienellaceae,8329,Pyrenulales
Reticulascaceae,7372101,Glomerellales
Rhamphoriaceae,10754340,
Rhamphosporaceae,7602,Doassansiales
Rhizinaceae,4132,Pezizales
Rhizocarpaceae,8371,Rhizocarpales
Rhizophlyctidaceae,4158,Rhizophlyctidales
Rhizophydiaceae,3814,Rhizophydiales
Rhizopodaceae,7833248,Mucorales
Rhizopogonaceae,8452,Boletales
Rhynchostomataceae,3297017,Chaetothyriales
Rhytismataceae,8281,Rhytismatales
Rickenellaceae,7964361,Hymenochaetales
Roccellaceae,8359,Arthoniales
Roccellographaceae,10853234,Arthoniales
Ropalosporaceae,4110,Umbilicariales
Roussoellaceae,7877233,Pleosporales
Russulaceae,7609,Russulales
Rutstroemiaceae,8384,Helotiales
Saccardiaceae,5737,
Saccharomycetaceae,4140,Saccharomycetales
Saccharomycodaceae,8405,Saccharomycetales
Saccharomycopsidaceae,8406,Saccharomycetales
Saccoblastiaceae,7590,Atractiellales
Saccotheciaceae,3308777,Dothideales
Sagiolechiaceae,10462312,Ostropales
Sarcoscyphaceae,8400,Pezizales
Sarcosomataceae,4133,Pezizales
Sarocladiaceae,10861692,Hypocreales
Sarrameanaceae,8303,Lecanorales
Savoryellaceae,8176494,Savoryellales
Schaereriaceae,4840,Schaereriales
Schizoparmaceae,8415,Diaporthales
Schizophyllaceae,4185,Agaricales
Schizoporaceae,3298,Hymenochaetales
Schizosaccharomycetaceae,8407,Schizosaccharomycetales
Schizothyriaceae,4799,Capnodiales
Sclerodermataceae,8453,Boletales
Sclerogastraceae,4196,Boletales
Sclerotiniaceae,8385,Helotiales
Scoliciosporaceae,4811,Lecanorales
Sebacinaceae,3278,Sebacinales
Septobasidiaceae,7583,Septobasidiales
Serpulaceae,8454,Boletales
Seuratiaceae,5736,
Sirobasidiaceae,3243,Tremellales
Solenopeziaceae,10726588,Helotiales
Sordariaceae,4163,Sordariales
Sparassidaceae,7616,Polyporales
Sphaerophoraceae,4810,Lecanorales
Sphaerophragmiaceae,3283280,Pucciniales
Sphinctrinaceae,8354,Mycocaliciales
Spiculogloeaceae,7996357,Spiculogloeales
Spiromastigaceae,7936201,Onygenales
Spizellomycetaceae,3242,Spizellomycetales
Sporastatiaceae,8428462,Rhizocarpales
Sporidiobolaceae,7592,Sporidiobolales
Sporobolomycetaceae,3288042,Sporidiobolales
Sporocadaceae,3288025,Amphisphaeriales
Sporormiaceae,4822,Pleosporales
Stachybotryaceae,7733260,Hypocreales
Steccherinaceae,3288069,Polyporales
Stephanosporaceae,3280,Agaricales
Stereaceae,3279,Russulales
Stereocaulaceae,8302,Lecanorales
Stereopsidaceae,7717211,Stereopsidales
Sterile,3280708,
Stictidaceae,8390,Ostropales
Stilbosporaceae,3560707,Diaporthales
Strangosporaceae,9797927,Lecanorales
Strigulaceae,1945,Strigulales
Strophariaceae,4186,Agaricales
Suillaceae,8455,Boletales
Sydowiellaceae,4149,Diaporthales
Sympoventuriaceae,8206374,Venturiales
Syncephalastraceae,8278,Mucorales
Synchytriaceae,7568,Chytridiales
Synnemasporellaceae,10446249,Diaporthales
Taphrinaceae,4169,Taphrinales
Tapinellaceae,4187,Boletales
Teichosporaceae,3272217,Pleosporales
Teloschistaceae,8368,Teloschistales
Tephromelataceae,8357,Lecanorales
Teratosphaeriaceae,4800,Capnodiales
Testudinaceae,4823,Pleosporales
Tetragoniomycetaceae,3828,Tremellales
Tetraplosphaeriaceae,5894248,Pleosporales
Thelebolaceae,8388,Thelebolales
Thelenellaceae,6245,Ostropales
Thelephoraceae,3277,Thelephorales
Thelocarpaceae,5749,Thelocarpales
Thelotremataceae,4107,Ostropales
Thrombiaceae,5735,Ostropales
Thyridariaceae,8276519,Pleosporales
Thyridiaceae,2457,
Thyrinulaceae,11131160,
Tilachlidiaceae,7929895,Hypocreales
Tilletiaceae,7596,Tilletiales
Tilletiariaceae,7599,Georgefischeriales
Togniniaceae,4150,Togniniales
Torpedosporaceae,7895248,Torpedosporales
Torulaceae,3282971,Pleosporales
Trapeliaceae,8344,Baeomycetales
Trappeaceae,3294,Hysterangiales
Trematosphaeriaceae,7874932,Pleosporales
Tremellaceae,3827,Tremellales
Tremellodendropsidaceae,3297135,Tremellodendropsidales
Triadelphiaceae,10721013,Microascales
Triblidiaceae,8394,Triblidiales
Trichocomaceae,8324,Eurotiales
Tricholomataceae,8787,Agaricales
Trichomeriaceae,7961365,Chaetothyriales
Trichomonascaceae,4141,Saccharomycetales
Trichopeltinaceae,3296778,
Trichosphaeriaceae,8435,Trichosphaeriales
Trichosporonaceae,3826,Trichosporonales
Trichothyriaceae,3296728,Microthyriales
Tritirachiaceae,3297128,Tritirachiales
Trypetheliaceae,4845,Trypetheliales
Tubakiaceae,10214622,Diaporthales
Tubariaceae,7821354,Agaricales
Tuberaceae,4134,Pezizales
Tubeufiaceae,8316,Tubeufiales
Tulasnellaceae,4198,Cantharellales
Tympanidaceae,3289864,Helotiales
Typhulaceae,7007,Agaricales
Umbelopsidaceae,8279,Umbelopsidales
Umbilicariaceae,4108,Umbilicariales
Unilacrymaceae,7558066,Unilacrymales
Urocystidaceae,3825,Urocystidales
Uropyxidaceae,3248,Pucciniales
Ustilaginaceae,3821,Ustilaginales
Ustilentylomataceae,7593,Microbotryales
Vahliellaceae,5953292,Peltigerales
Valsaceae,4151,Diaporthales
Valsariaceae,8342219,Valsariales
Venturiaceae,8317,Venturiales
Vermiculariopsiellaceae,10745736,Vermiculariopsiellales
Verrucariaceae,4841,Verrucariales
Vezdaeaceae,5750,Vezdaeales
Vialaeaceae,2456,Xylariales
Vibrisseaceae,8386,Helotiales
Vizellaceae,2464,
Wallemiaceae,3820,Wallemiales
Websdaneaceae,7573,Ustilaginales
Wickerhamomycetaceae,7720402,Saccharomycetales
Wiesneriomycetaceae,8240864,Wiesneriomycetales
Wrightoporiaceae,3563653,Russulales
Xanthopyreniaceae,8351,Collemopsidiales
Xenasmataceae,7615,Polyporales
Xenospadicoidaceae,9814881,Xenospadicoidales
Xylariaceae,4168,Xylariales
Xylobotryaceae,10891824,Xylobotryales
Xylographaceae,3557381,Baeomycetales
Xylonaceae,7984549,Xylonales
Zaghouaniaceae,3282827,Pucciniales
Zoopagaceae,7553,Zoopagales
Zopfiaceae,8318,Pleosporales
Zythiaceae,3296641,
